SampleID,Plate_number,Plate_name,Plate_position,Site_Name,Sex,Dev_stage,Sample_date,Sample_timing,Site_number,Site_type,Nest_placed_date,Date_extracted,Qiagen_kit,Code,Number_2,Primer,Linker,Linker_2,Combine_1,Combine_2,Combine_3,Decontam,Site_type_Sampling_timing
RF245.073.Plate1.D10.799FMod3.1115R.Tobias.F,1,Plate,D10,Tobias,F,e,5/16/2022,late,9,Residential,4/5/2022,8/1/2022,16,RF245,73,799FMod3.1115R,.,_,Residential_late_Tobias,Residential_late_Tobias_F,Residential_early_Tobias_F_e,Sample,Residential_late
RF245.074.Plate1.E10.799FMod3.1115R.Tobias.F,1,Plate,E10,Tobias,F,e,5/16/2022,late,9,Residential,4/5/2022,8/1/2022,16,RF245,74,799FMod3.1115R,.,_,Residential_late_Tobias,Residential_late_Tobias_F,Residential_early_Tobias_F_e,Sample,Residential_late
RF245.075.Plate1.F10.799FMod3.1115R.Tobias.M,1,Plate,F10,Tobias,M,e,5/16/2022,late,9,Residential,4/5/2022,8/1/2022,16,RF245,75,799FMod3.1115R,.,_,Residential_late_Tobias,Residential_late_Tobias_M,Residential_early_Tobias_F_e,Sample,Residential_late
RF245.076.Plate1.G10.799FMod3.1115R.Tobias.M,1,Plate,G10,Tobias,M,e,5/16/2022,late,9,Residential,4/5/2022,8/1/2022,16,RF245,76,799FMod3.1115R,.,_,Residential_late_Tobias,Residential_late_Tobias_M,Residential_early_Tobias_F_e,Sample,Residential_late
RF245.077.Plate1.H10.799FMod3.1115R.Tobias.F,1,Plate,H10,Tobias,F,fl,5/16/2022,late,9,Residential,4/5/2022,8/1/2022,16,RF245,77,799FMod3.1115R,.,_,Residential_late_Tobias,Residential_late_Tobias_F,Residential_early_Tobias_F_e,Sample,Residential_late
RF245.078.Plate1.A11.799FMod3.1115R.Tobias.F,1,Plate,A11,Tobias,F,e,5/16/2022,late,9,Residential,4/5/2022,8/1/2022,16,RF245,78,799FMod3.1115R,.,_,Residential_late_Tobias,Residential_late_Tobias_F,Residential_early_Tobias_F_e,Sample,Residential_late
RF245.079.Plate1.B11.799FMod3.1115R.Tobias.M,1,Plate,B11,Tobias,M,e,5/16/2022,late,9,Residential,4/5/2022,8/1/2022,16,RF245,79,799FMod3.1115R,.,_,Residential_late_Tobias,Residential_late_Tobias_M,Residential_early_Tobias_F_e,Sample,Residential_late
RF245.080.Plate1.C11.799FMod3.1115R.Tobias.M,1,Plate,C11,Tobias,M,e,5/16/2022,late,9,Residential,4/5/2022,8/1/2022,16,RF245,80,799FMod3.1115R,.,_,Residential_late_Tobias,Residential_late_Tobias_M,Residential_early_Tobias_F_e,Sample,Residential_late
RF245.105.Plate2.F2.799FMod3.1115R.Danforth.F,2,Plate,F2,Danforth,F,dl,5/19/2022,late,10,Residential,4/5/2022,8/3/2022,17,RF245,105,799FMod3.1115R,.,_,Residential_late_Danforth,Residential_late_Danforth_F,Residential_early_Tobias_F_e,Sample,Residential_late
RF245.106.Plate2.G2.799FMod3.1115R.Danforth.F,2,Plate,G2,Danforth,F,dl,5/19/2022,late,10,Residential,4/5/2022,8/3/2022,17,RF245,106,799FMod3.1115R,.,_,Residential_late_Danforth,Residential_late_Danforth_F,Residential_early_Tobias_F_e,Sample,Residential_late
RF245.107.Plate2.H2.799FMod3.1115R.Danforth.M,2,Plate,H2,Danforth,M,dl,5/19/2022,late,10,Residential,4/5/2022,8/3/2022,17,RF245,107,799FMod3.1115R,.,_,Residential_late_Danforth,Residential_late_Danforth_M,Residential_early_Tobias_F_e,Sample,Residential_late
RF245.108.Plate2.A3.799FMod3.1115R.Danforth.M,2,Plate,A3,Danforth,M,e,5/19/2022,late,10,Residential,4/5/2022,8/3/2022,17,RF245,108,799FMod3.1115R,.,_,Residential_late_Danforth,Residential_late_Danforth_M,Residential_early_Tobias_F_e,Sample,Residential_late
RF245.109.Plate2.B3.799FMod3.1115R.Danforth.F,2,Plate,B3,Danforth,F,e,5/19/2022,late,10,Residential,4/5/2022,8/3/2022,17,RF245,109,799FMod3.1115R,.,_,Residential_late_Danforth,Residential_late_Danforth_F,Residential_early_Tobias_F_e,Sample,Residential_late
RF245.110.Plate2.C3.799FMod3.1115R.Danforth.F,2,Plate,C3,Danforth,F,e,5/19/2022,late,10,Residential,4/5/2022,8/3/2022,17,RF245,110,799FMod3.1115R,.,_,Residential_late_Danforth,Residential_late_Danforth_F,Residential_early_Tobias_F_e,Sample,Residential_late
RF245.111.Plate2.D3.799FMod3.1115R.Danforth.M,2,Plate,D3,Danforth,M,e,5/19/2022,late,10,Residential,4/5/2022,8/3/2022,17,RF245,111,799FMod3.1115R,.,_,Residential_late_Danforth,Residential_late_Danforth_M,Residential_early_Tobias_F_e,Sample,Residential_late
RF245.112.Plate2.E3.799FMod3.1115R.Danforth.M,2,Plate,E3,Danforth,M,e,5/19/2022,late,10,Residential,4/5/2022,8/3/2022,17,RF245,112,799FMod3.1115R,.,_,Residential_late_Danforth,Residential_late_Danforth_M,Residential_early_Tobias_F_e,Sample,Residential_late
RF245.113.Plate2.F3.799FMod3.1115R.Comstock.F,2,Plate,F3,Comstock,F,e,5/19/2022,late,6,Residential,4/5/2022,8/3/2022,17,RF245,113,799FMod3.1115R,.,_,Residential_late_Comstock,Residential_late_Comstock_F,Residential_early_Tobias_F_e,Sample,Residential_late
RF245.114.Plate2.G3.799FMod3.1115R.Comstock.F,2,Plate,G3,Comstock,F,e,5/19/2022,late,6,Residential,4/5/2022,8/3/2022,17,RF245,114,799FMod3.1115R,.,_,Residential_late_Comstock,Residential_late_Comstock_F,Residential_early_Tobias_F_e,Sample,Residential_late
RF245.115.Plate2.H3.799FMod3.1115R.Comstock.M,2,Plate,H3,Comstock,M,e,5/19/2022,late,6,Residential,4/5/2022,8/3/2022,17,RF245,115,799FMod3.1115R,.,_,Residential_late_Comstock,Residential_late_Comstock_M,Residential_early_Tobias_F_e,Sample,Residential_late
RF245.116.Plate2.A4.799FMod3.1115R.Comstock.M,2,Plate,A4,Comstock,M,e,5/19/2022,late,6,Residential,4/5/2022,8/3/2022,17,RF245,116,799FMod3.1115R,.,_,Residential_late_Comstock,Residential_late_Comstock_M,Residential_early_Tobias_F_e,Sample,Residential_late
RF245.117.Plate2.B4.799FMod3.1115R.Comstock.F,2,Plate,B4,Comstock,F,e,5/19/2022,late,6,Residential,4/5/2022,8/3/2022,17,RF245,117,799FMod3.1115R,.,_,Residential_late_Comstock,Residential_late_Comstock_F,Residential_early_Tobias_F_e,Sample,Residential_late
RF245.118.Plate2.C4.799FMod3.1115R.Comstock.F,2,Plate,C4,Comstock,F,e,5/19/2022,late,6,Residential,4/5/2022,8/3/2022,17,RF245,118,799FMod3.1115R,.,_,Residential_late_Comstock,Residential_late_Comstock_F,Residential_early_Tobias_F_e,Sample,Residential_late
RF245.119.Plate2.D4.799FMod3.1115R.Comstock.M,2,Plate,D4,Comstock,M,fl,5/19/2022,late,6,Residential,4/5/2022,8/3/2022,17,RF245,119,799FMod3.1115R,.,_,Residential_late_Comstock,Residential_late_Comstock_M,Residential_early_Tobias_F_e,Sample,Residential_late
RF245.120.Plate2.E4.799FMod3.1115R.Comstock.M,2,Plate,E4,Comstock,M,e,5/19/2022,late,6,Residential,4/5/2022,8/3/2022,17,RF245,120,799FMod3.1115R,.,_,Residential_late_Comstock,Residential_late_Comstock_M,Residential_early_Tobias_F_e,Sample,Residential_late
RF245.121.Plate2.F4.799FMod3.1115R.Fairbrother.F,2,Plate,F4,Fairbrother,F,e,5/18/2022,late,7,Residential,4/5/2022,8/3/2022,17,RF245,121,799FMod3.1115R,.,_,Residential_late_Fairbrother,Residential_late_Fairbrother_F,Residential_early_Tobias_F_e,Sample,Residential_late
RF245.122.Plate2.G4.799FMod3.1115R.Fairbrother.F,2,Plate,G4,Fairbrother,F,e,5/18/2022,late,7,Residential,4/5/2022,8/3/2022,17,RF245,122,799FMod3.1115R,.,_,Residential_late_Fairbrother,Residential_late_Fairbrother_F,Residential_early_Tobias_F_e,Sample,Residential_late
RF245.123.Plate2.H4.799FMod3.1115R.Fairbrother.M,2,Plate,H4,Fairbrother,M,e,5/18/2022,late,7,Residential,4/5/2022,8/3/2022,17,RF245,123,799FMod3.1115R,.,_,Residential_late_Fairbrother,Residential_late_Fairbrother_M,Residential_early_Tobias_F_e,Sample,Residential_late
RF245.124.Plate2.A5.799FMod3.1115R.Fairbrother.M,2,Plate,A5,Fairbrother,M,e,5/18/2022,late,7,Residential,4/5/2022,8/3/2022,17,RF245,124,799FMod3.1115R,.,_,Residential_late_Fairbrother,Residential_late_Fairbrother_M,Residential_early_Tobias_F_e,Sample,Residential_late
RF245.125.Plate2.B5.799FMod3.1115R.Fairbrother.F,2,Plate,B5,Fairbrother,F,e,5/18/2022,late,7,Residential,4/5/2022,8/3/2022,17,RF245,125,799FMod3.1115R,.,_,Residential_late_Fairbrother,Residential_late_Fairbrother_F,Residential_early_Tobias_F_e,Sample,Residential_late
RF245.126.Plate2.C5.799FMod3.1115R.Fairbrother.F,2,Plate,C5,Fairbrother,F,e,5/18/2022,late,7,Residential,4/5/2022,8/3/2022,17,RF245,126,799FMod3.1115R,.,_,Residential_late_Fairbrother,Residential_late_Fairbrother_F,Residential_early_Tobias_F_e,Sample,Residential_late
RF245.127.Plate2.D5.799FMod3.1115R.Fairbrother.M,2,Plate,D5,Fairbrother,M,e,5/18/2022,late,7,Residential,4/5/2022,8/3/2022,17,RF245,127,799FMod3.1115R,.,_,Residential_late_Fairbrother,Residential_late_Fairbrother_M,Residential_early_Tobias_F_e,Sample,Residential_late
RF245.128.Plate2.E5.799FMod3.1115R.Fairbrother.M,2,Plate,E5,Fairbrother,M,e,5/18/2022,late,7,Residential,4/5/2022,8/3/2022,17,RF245,128,799FMod3.1115R,.,_,Residential_late_Fairbrother,Residential_late_Fairbrother_M,Residential_early_Tobias_F_e,Sample,Residential_late
RF245.129.Plate2.F5.799FMod3.1115R.Moreau.F,2,Plate,F5,Moreau,F,e,5/18/2022,late,8,Residential,4/5/2022,8/3/2022,17,RF245,129,799FMod3.1115R,.,_,Residential_late_Moreau,Residential_late_Moreau_F,Residential_early_Tobias_F_e,Sample,Residential_late
RF245.130.Plate2.G5.799FMod3.1115R.Moreau.F,2,Plate,G5,Moreau,F,e,5/18/2022,late,8,Residential,4/5/2022,8/3/2022,17,RF245,130,799FMod3.1115R,.,_,Residential_late_Moreau,Residential_late_Moreau_F,Residential_early_Tobias_F_e,Sample,Residential_late
RF245.131.Plate2.H5.799FMod3.1115R.Moreau.M,2,Plate,H5,Moreau,M,e,5/18/2022,late,8,Residential,4/5/2022,8/3/2022,17,RF245,131,799FMod3.1115R,.,_,Residential_late_Moreau,Residential_late_Moreau_M,Residential_early_Tobias_F_e,Sample,Residential_late
RF245.132.Plate2.A6.799FMod3.1115R.Moreau.M,2,Plate,A6,Moreau,M,e,5/18/2022,late,8,Residential,4/5/2022,8/3/2022,17,RF245,132,799FMod3.1115R,.,_,Residential_late_Moreau,Residential_late_Moreau_M,Residential_early_Tobias_F_e,Sample,Residential_late
RF245.133.Plate2.B6.799FMod3.1115R.Moreau.F,2,Plate,B6,Moreau,F,fl,5/18/2022,late,8,Residential,4/5/2022,8/3/2022,17,RF245,133,799FMod3.1115R,.,_,Residential_late_Moreau,Residential_late_Moreau_F,Residential_early_Tobias_F_e,Sample,Residential_late
RF245.134.Plate2.C6.799FMod3.1115R.Moreau.F,2,Plate,C6,Moreau,F,fl,5/18/2022,late,8,Residential,4/5/2022,8/3/2022,17,RF245,134,799FMod3.1115R,.,_,Residential_late_Moreau,Residential_late_Moreau_F,Residential_early_Tobias_F_e,Sample,Residential_late
RF245.135.Plate2.D6.799FMod3.1115R.Moreau.M,2,Plate,D6,Moreau,M,fl,5/18/2022,late,8,Residential,4/5/2022,8/3/2022,17,RF245,135,799FMod3.1115R,.,_,Residential_late_Moreau,Residential_late_Moreau_M,Residential_early_Tobias_F_e,Sample,Residential_late
RF245.136.Plate2.E6.799FMod3.1115R.Moreau.M,2,Plate,E6,Moreau,M,e,5/18/2022,late,8,Residential,4/5/2022,8/3/2022,17,RF245,136,799FMod3.1115R,.,_,Residential_late_Moreau,Residential_late_Moreau_M,Residential_early_Tobias_F_e,Sample,Residential_late
RF245.001.Plate1.A1.799FMod3.1115R.Tobias.F,1,Plate,A1,Tobias,F,e,5/3/2022,early,9,Residential,4/5/2022,7/27/2022,14,RF245,1,799FMod3.1115R,.,_,Residential_early_Tobias,Residential_early_Tobias_F,Residential_early_Tobias_F_e,Sample,Residential_early
RF245.002.Plate1.B1.799FMod3.1115R.Tobias.F,1,Plate,B1,Tobias,F,e,5/3/2022,early,9,Residential,4/5/2022,7/27/2022,14,RF245,2,799FMod3.1115R,.,_,Residential_early_Tobias,Residential_early_Tobias_F,Residential_early_Tobias_F_e,Sample,Residential_early
RF245.003.Plate1.C1.799FMod3.1115R.Tobias.M,1,Plate,C1,Tobias,M,e,5/3/2022,early,9,Residential,4/5/2022,7/27/2022,14,RF245,3,799FMod3.1115R,.,_,Residential_early_Tobias,Residential_early_Tobias_M,Residential_early_Tobias_F_e,Sample,Residential_early
RF245.004.Plate1.D1.799FMod3.1115R.Tobias.M,1,Plate,D1,Tobias,M,e,5/3/2022,early,9,Residential,4/5/2022,7/27/2022,14,RF245,4,799FMod3.1115R,.,_,Residential_early_Tobias,Residential_early_Tobias_M,Residential_early_Tobias_F_e,Sample,Residential_early
RF245.005.Plate1.E1.799FMod3.1115R.Tobias.F,1,Plate,E1,Tobias,F,e,5/8/2022,early,9,Residential,4/5/2022,7/27/2022,14,RF245,5,799FMod3.1115R,.,_,Residential_early_Tobias,Residential_early_Tobias_F,Residential_early_Tobias_F_e,Sample,Residential_early
RF245.006.Plate1.F1.799FMod3.1115R.Tobias.F,1,Plate,F1,Tobias,F,e,5/8/2022,early,9,Residential,4/5/2022,7/27/2022,14,RF245,6,799FMod3.1115R,.,_,Residential_early_Tobias,Residential_early_Tobias_F,Residential_early_Tobias_F_e,Sample,Residential_early
RF245.007.Plate1.G1.799FMod3.1115R.Tobias.M,1,Plate,G1,Tobias,M,e,5/8/2022,early,9,Residential,4/5/2022,7/27/2022,14,RF245,7,799FMod3.1115R,.,_,Residential_early_Tobias,Residential_early_Tobias_M,Residential_early_Tobias_F_e,Sample,Residential_early
RF245.008.Plate1.H1.799FMod3.1115R.Tobias.M,1,Plate,H1,Tobias,M,e,5/8/2022,early,9,Residential,4/5/2022,7/27/2022,14,RF245,8,799FMod3.1115R,.,_,Residential_early_Tobias,Residential_early_Tobias_M,Residential_early_Tobias_F_e,Sample,Residential_early
RF245.009.Plate1.A2.799FMod3.1115R.Moreau.F,1,Plate,A2,Moreau,F,e,5/5/2022,early,8,Residential,4/5/2022,7/27/2022,14,RF245,9,799FMod3.1115R,.,_,Residential_early_Moreau,Residential_early_Moreau_F,Residential_early_Tobias_F_e,Sample,Residential_early
RF245.010.Plate1.B2.799FMod3.1115R.Moreau.F,1,Plate,B2,Moreau,F,e,5/5/2022,early,8,Residential,4/5/2022,7/27/2022,14,RF245,10,799FMod3.1115R,.,_,Residential_early_Moreau,Residential_early_Moreau_F,Residential_early_Tobias_F_e,Sample,Residential_early
RF245.011.Plate1.C2.799FMod3.1115R.Moreau.M,1,Plate,C2,Moreau,M,e,5/5/2022,early,8,Residential,4/5/2022,7/27/2022,14,RF245,11,799FMod3.1115R,.,_,Residential_early_Moreau,Residential_early_Moreau_M,Residential_early_Tobias_F_e,Sample,Residential_early
RF245.012.Plate1.D2.799FMod3.1115R.Moreau.M,1,Plate,D2,Moreau,M,e,5/5/2022,early,8,Residential,4/5/2022,7/27/2022,14,RF245,12,799FMod3.1115R,.,_,Residential_early_Moreau,Residential_early_Moreau_M,Residential_early_Tobias_F_e,Sample,Residential_early
RF245.013.Plate1.E2.799FMod3.1115R.Moreau.F,1,Plate,E2,Moreau,F,e,5/5/2022,early,8,Residential,4/5/2022,7/27/2022,14,RF245,13,799FMod3.1115R,.,_,Residential_early_Moreau,Residential_early_Moreau_F,Residential_early_Tobias_F_e,Sample,Residential_early
RF245.014.Plate1.F2.799FMod3.1115R.Moreau.F,1,Plate,F2,Moreau,F,e,5/5/2022,early,8,Residential,4/5/2022,7/27/2022,14,RF245,14,799FMod3.1115R,.,_,Residential_early_Moreau,Residential_early_Moreau_F,Residential_early_Tobias_F_e,Sample,Residential_early
RF245.015.Plate1.G2.799FMod3.1115R.Moreau.M,1,Plate,G2,Moreau,M,e,5/5/2022,early,8,Residential,4/5/2022,7/27/2022,14,RF245,15,799FMod3.1115R,.,_,Residential_early_Moreau,Residential_early_Moreau_M,Residential_early_Tobias_F_e,Sample,Residential_early
RF245.016.Plate1.H2.799FMod3.1115R.Moreau.M,1,Plate,H2,Moreau,M,e,5/5/2022,early,8,Residential,4/5/2022,7/27/2022,14,RF245,16,799FMod3.1115R,.,_,Residential_early_Moreau,Residential_early_Moreau_M,Residential_early_Tobias_F_e,Sample,Residential_early
RF245.017.Plate1.A3.799FMod3.1115R.Fairbrother.F,1,Plate,A3,Fairbrother,F,e,5/10/2022,early,7,Residential,4/5/2022,7/27/2022,14,RF245,17,799FMod3.1115R,.,_,Residential_early_Fairbrother,Residential_early_Fairbrother_F,Residential_early_Tobias_F_e,Sample,Residential_early
RF245.018.Plate1.B3.799FMod3.1115R.Fairbrother.F,1,Plate,B3,Fairbrother,F,e,5/10/2022,early,7,Residential,4/5/2022,7/27/2022,14,RF245,18,799FMod3.1115R,.,_,Residential_early_Fairbrother,Residential_early_Fairbrother_F,Residential_early_Tobias_F_e,Sample,Residential_early
RF245.019.Plate1.C3.799FMod3.1115R.Fairbrother.M,1,Plate,C3,Fairbrother,M,e,5/10/2022,early,7,Residential,4/5/2022,7/27/2022,14,RF245,19,799FMod3.1115R,.,_,Residential_early_Fairbrother,Residential_early_Fairbrother_M,Residential_early_Tobias_F_e,Sample,Residential_early
RF245.020.Plate1.D3.799FMod3.1115R.Fairbrother.M,1,Plate,D3,Fairbrother,M,e,5/10/2022,early,7,Residential,4/5/2022,7/27/2022,14,RF245,20,799FMod3.1115R,.,_,Residential_early_Fairbrother,Residential_early_Fairbrother_M,Residential_early_Tobias_F_e,Sample,Residential_early
RF245.021.Plate1.E3.799FMod3.1115R.Comstock.F,1,Plate,E3,Comstock,F,e,5/10/2022,early,6,Residential,4/5/2022,7/27/2022,14,RF245,21,799FMod3.1115R,.,_,Residential_early_Comstock,Residential_early_Comstock_F,Residential_early_Tobias_F_e,Sample,Residential_early
RF245.022.Plate1.F3.799FMod3.1115R.Comstock.F,1,Plate,F3,Comstock,F,e,5/10/2022,early,6,Residential,4/5/2022,7/27/2022,14,RF245,22,799FMod3.1115R,.,_,Residential_early_Comstock,Residential_early_Comstock_F,Residential_early_Tobias_F_e,Sample,Residential_early
RF245.023.Plate1.G3.799FMod3.1115R.Comstock.M,1,Plate,G3,Comstock,M,e,5/10/2022,early,6,Residential,4/5/2022,7/27/2022,14,RF245,23,799FMod3.1115R,.,_,Residential_early_Comstock,Residential_early_Comstock_M,Residential_early_Tobias_F_e,Sample,Residential_early
RF245.024.Plate1.A4.799FMod3.1115R.Comstock.M,1,Plate,A4,Comstock,M,e,5/10/2022,early,6,Residential,4/5/2022,7/28/2022,15,RF245,24,799FMod3.1115R,.,_,Residential_early_Comstock,Residential_early_Comstock_M,Residential_early_Tobias_F_e,Sample,Residential_early
RF245.025.Plate1.B4.799FMod3.1115R.Danforth.F,1,Plate,B4,Danforth,F,e,5/10/2022,early,10,Residential,4/5/2022,7/28/2022,15,RF245,25,799FMod3.1115R,.,_,Residential_early_Danforth,Residential_early_Danforth_F,Residential_early_Tobias_F_e,Sample,Residential_early
RF245.026.Plate1.C4.799FMod3.1115R.Danforth.F,1,Plate,C4,Danforth,F,e,5/10/2022,early,10,Residential,4/5/2022,7/28/2022,15,RF245,26,799FMod3.1115R,.,_,Residential_early_Danforth,Residential_early_Danforth_F,Residential_early_Tobias_F_e,Sample,Residential_early
RF245.027.Plate1.D4.799FMod3.1115R.Danforth.M,1,Plate,D4,Danforth,M,e,5/10/2022,early,10,Residential,4/5/2022,7/28/2022,15,RF245,27,799FMod3.1115R,.,_,Residential_early_Danforth,Residential_early_Danforth_M,Residential_early_Tobias_F_e,Sample,Residential_early
RF245.028.Plate1.E4.799FMod3.1115R.Danforth.M,1,Plate,E4,Danforth,M,e,5/10/2022,early,10,Residential,4/5/2022,7/28/2022,15,RF245,28,799FMod3.1115R,.,_,Residential_early_Danforth,Residential_early_Danforth_M,Residential_early_Tobias_F_e,Sample,Residential_early
RF245.029.Plate1.F4.799FMod3.1115R.Danforth.F,1,Plate,F4,Danforth,F,e,5/10/2022,early,10,Residential,4/5/2022,7/28/2022,15,RF245,29,799FMod3.1115R,.,_,Residential_early_Danforth,Residential_early_Danforth_F,Residential_early_Tobias_F_e,Sample,Residential_early
RF245.030.Plate1.G4.799FMod3.1115R.Danforth.F,1,Plate,G4,Danforth,F,e,5/10/2022,early,10,Residential,4/5/2022,7/28/2022,15,RF245,30,799FMod3.1115R,.,_,Residential_early_Danforth,Residential_early_Danforth_F,Residential_early_Tobias_F_e,Sample,Residential_early
RF245.031.Plate1.H4.799FMod3.1115R.Danforth.M,1,Plate,H4,Danforth,M,e,5/10/2022,early,10,Residential,4/5/2022,7/28/2022,15,RF245,31,799FMod3.1115R,.,_,Residential_early_Danforth,Residential_early_Danforth_M,Residential_early_Tobias_F_e,Sample,Residential_early
RF245.032.Plate1.A5.799FMod3.1115R.Danforth.M,1,Plate,A5,Danforth,M,e,5/10/2022,early,10,Residential,4/5/2022,7/28/2022,15,RF245,32,799FMod3.1115R,.,_,Residential_early_Danforth,Residential_early_Danforth_M,Residential_early_Tobias_F_e,Sample,Residential_early
RF245.041.Plate1.B6.799FMod3.1115R.Comstock.F,1,Plate,B6,Comstock,F,e,5/11/2022,early,6,Residential,4/5/2022,7/28/2022,15,RF245,41,799FMod3.1115R,.,_,Residential_early_Comstock,Residential_early_Comstock_F,Residential_early_Tobias_F_e,Sample,Residential_early
RF245.042.Plate1.C6.799FMod3.1115R.Comstock.F,1,Plate,C6,Comstock,F,e,5/11/2022,early,6,Residential,4/5/2022,7/28/2022,15,RF245,42,799FMod3.1115R,.,_,Residential_early_Comstock,Residential_early_Comstock_F,Residential_early_Tobias_F_e,Sample,Residential_early
RF245.043.Plate1.D6.799FMod3.1115R.Comstock.M,1,Plate,D6,Comstock,M,e,5/11/2022,early,6,Residential,4/5/2022,7/28/2022,15,RF245,43,799FMod3.1115R,.,_,Residential_early_Comstock,Residential_early_Comstock_M,Residential_early_Tobias_F_e,Sample,Residential_early
RF245.044.Plate1.E6.799FMod3.1115R.Comstock.M,1,Plate,E6,Comstock,M,e,5/11/2022,early,6,Residential,4/5/2022,7/28/2022,15,RF245,44,799FMod3.1115R,.,_,Residential_early_Comstock,Residential_early_Comstock_M,Residential_early_Tobias_F_e,Sample,Residential_early
RF245.045.Plate1.F6.799FMod3.1115R.Fairbrother.F,1,Plate,F6,Fairbrother,F,e,5/10/2022,early,7,Residential,4/5/2022,7/28/2022,15,RF245,45,799FMod3.1115R,.,_,Residential_early_Fairbrother,Residential_early_Fairbrother_F,Residential_early_Tobias_F_e,Sample,Residential_early
RF245.046.Plate1.G6.799FMod3.1115R.Fairbrother.F,1,Plate,G6,Fairbrother,F,e,5/10/2022,early,7,Residential,4/5/2022,7/28/2022,15,RF245,46,799FMod3.1115R,.,_,Residential_early_Fairbrother,Residential_early_Fairbrother_F,Residential_early_Tobias_F_e,Sample,Residential_early
RF245.047.Plate1.B7.799FMod3.1115R.Fairbrother.M,1,Plate,B7,Fairbrother,M,e,5/10/2022,early,7,Residential,4/5/2022,8/1/2022,16,RF245,47,799FMod3.1115R,.,_,Residential_early_Fairbrother,Residential_early_Fairbrother_M,Residential_early_Tobias_F_e,Sample,Residential_early
RF245.048.Plate1.C7.799FMod3.1115R.Fairbrother.M,1,Plate,C7,Fairbrother,M,e,5/10/2022,early,7,Residential,4/5/2022,8/1/2022,16,RF245,48,799FMod3.1115R,.,_,Residential_early_Fairbrother,Residential_early_Fairbrother_M,Residential_early_Tobias_F_e,Sample,Residential_early
RF245.137.Plate2.F6.799FMod3.1115R.IndianCreek.F,2,Plate,F6,IndianCreek,F,e,5/19/2022,late,14,Orchard,4/5/2022,8/3/2022,17,RF245,137,799FMod3.1115R,.,_,Orchard_late_IndianCreek,Orchard_late_IndianCreek_F,Residential_early_Tobias_F_e,Sample,Orchard_late
RF245.138.Plate2.G6.799FMod3.1115R.IndianCreek.M,2,Plate,G6,IndianCreek,M,e,5/19/2022,late,14,Orchard,4/5/2022,8/3/2022,17,RF245,138,799FMod3.1115R,.,_,Orchard_late_IndianCreek,Orchard_late_IndianCreek_M,Residential_early_Tobias_F_e,Sample,Orchard_late
RF245.139.Plate2.A7.799FMod3.1115R.IndianCreek.F,2,Plate,A7,IndianCreek,F,e,5/19/2022,late,14,Orchard,4/5/2022,8/3/2022,17,RF245,139,799FMod3.1115R,.,_,Orchard_late_IndianCreek,Orchard_late_IndianCreek_F,Residential_early_Tobias_F_e,Sample,Orchard_late
RF245.140.Plate2.B7.799FMod3.1115R.IndianCreek.F,2,Plate,B7,IndianCreek,F,e,5/19/2022,late,14,Orchard,4/5/2022,8/3/2022,17,RF245,140,799FMod3.1115R,.,_,Orchard_late_IndianCreek,Orchard_late_IndianCreek_F,Residential_early_Tobias_F_e,Sample,Orchard_late
RF245.141.Plate2.D7.799FMod3.1115R.IndianCreek.M,2,Plate,D7,IndianCreek,M,e,5/19/2022,late,14,Orchard,4/5/2022,8/5/2022,20,RF245,141,799FMod3.1115R,.,_,Orchard_late_IndianCreek,Orchard_late_IndianCreek_M,Residential_early_Tobias_F_e,Sample,Orchard_late
RF245.142.Plate2.E7.799FMod3.1115R.IndianCreek.M,2,Plate,E7,IndianCreek,M,e,5/19/2022,late,14,Orchard,4/5/2022,8/5/2022,20,RF245,142,799FMod3.1115R,.,_,Orchard_late_IndianCreek,Orchard_late_IndianCreek_M,Residential_early_Tobias_F_e,Sample,Orchard_late
RF245.143.Plate2.F7.799FMod3.1115R.IndianCreek.F,2,Plate,F7,IndianCreek,F,fl,5/16/2022,late,14,Orchard,4/5/2022,8/5/2022,20,RF245,143,799FMod3.1115R,.,_,Orchard_late_IndianCreek,Orchard_late_IndianCreek_F,Residential_early_Tobias_F_e,Sample,Orchard_late
RF245.144.Plate2.G7.799FMod3.1115R.IndianCreek.M,2,Plate,G7,IndianCreek,M,e,5/16/2022,late,14,Orchard,4/5/2022,8/5/2022,20,RF245,144,799FMod3.1115R,.,_,Orchard_late_IndianCreek,Orchard_late_IndianCreek_M,Residential_early_Tobias_F_e,Sample,Orchard_late
RF245.145.Plate2.H7.799FMod3.1115R.Littletree.F,2,Plate,H7,Littletree,F,e,5/18/2022,late,12,Orchard,4/5/2022,8/5/2022,20,RF245,145,799FMod3.1115R,.,_,Orchard_late_Littletree,Orchard_late_Littletree_F,Residential_early_Tobias_F_e,Sample,Orchard_late
RF245.146.Plate2.A8.799FMod3.1115R.Littletree.F,2,Plate,A8,Littletree,F,e,5/18/2022,late,12,Orchard,4/5/2022,8/5/2022,20,RF245,146,799FMod3.1115R,.,_,Orchard_late_Littletree,Orchard_late_Littletree_F,Residential_early_Tobias_F_e,Sample,Orchard_late
RF245.147.Plate2.B8.799FMod3.1115R.Littletree.M,2,Plate,B8,Littletree,M,e,5/18/2022,late,12,Orchard,4/5/2022,8/5/2022,20,RF245,147,799FMod3.1115R,.,_,Orchard_late_Littletree,Orchard_late_Littletree_M,Residential_early_Tobias_F_e,Sample,Orchard_late
RF245.148.Plate2.C8.799FMod3.1115R.Littletree.M,2,Plate,C8,Littletree,M,e,5/18/2022,late,12,Orchard,4/5/2022,8/5/2022,20,RF245,148,799FMod3.1115R,.,_,Orchard_late_Littletree,Orchard_late_Littletree_M,Residential_early_Tobias_F_e,Sample,Orchard_late
RF245.149.Plate2.D8.799FMod3.1115R.Littletree.F,2,Plate,D8,Littletree,F,fl,5/18/2022,late,12,Orchard,4/5/2022,8/5/2022,20,RF245,149,799FMod3.1115R,.,_,Orchard_late_Littletree,Orchard_late_Littletree_F,Residential_early_Tobias_F_e,Sample,Orchard_late
RF245.150.Plate2.E8.799FMod3.1115R.Littletree.F,2,Plate,E8,Littletree,F,dl,5/18/2022,late,12,Orchard,4/5/2022,8/5/2022,20,RF245,150,799FMod3.1115R,.,_,Orchard_late_Littletree,Orchard_late_Littletree_F,Residential_early_Tobias_F_e,Sample,Orchard_late
RF245.151.Plate2.F8.799FMod3.1115R.Littletree.M,2,Plate,F8,Littletree,M,fl,5/18/2022,late,12,Orchard,4/5/2022,8/5/2022,20,RF245,151,799FMod3.1115R,.,_,Orchard_late_Littletree,Orchard_late_Littletree_M,Residential_early_Tobias_F_e,Sample,Orchard_late
RF245.152.Plate2.G8.799FMod3.1115R.Littletree.M,2,Plate,G8,Littletree,M,e,5/18/2022,late,12,Orchard,4/5/2022,8/5/2022,20,RF245,152,799FMod3.1115R,.,_,Orchard_late_Littletree,Orchard_late_Littletree_M,Residential_early_Tobias_F_e,Sample,Orchard_late
RF245.153.Plate2.H8.799FMod3.1115R.BlackDiamond.F,2,Plate,H8,BlackDiamond,F,e,5/18/2022,late,15,Orchard,4/5/2022,8/5/2022,20,RF245,153,799FMod3.1115R,.,_,Orchard_late_BlackDiamond,Orchard_late_BlackDiamond_F,Residential_early_Tobias_F_e,Sample,Orchard_late
RF245.154.Plate2.A9.799FMod3.1115R.BlackDiamond.F,2,Plate,A9,BlackDiamond,F,fl,5/18/2022,late,15,Orchard,4/5/2022,8/5/2022,20,RF245,154,799FMod3.1115R,.,_,Orchard_late_BlackDiamond,Orchard_late_BlackDiamond_F,Residential_early_Tobias_F_e,Sample,Orchard_late
RF245.155.Plate2.B9.799FMod3.1115R.BlackDiamond.M,2,Plate,B9,BlackDiamond,M,e,5/18/2022,late,15,Orchard,4/5/2022,8/5/2022,20,RF245,155,799FMod3.1115R,.,_,Orchard_late_BlackDiamond,Orchard_late_BlackDiamond_M,Residential_early_Tobias_F_e,Sample,Orchard_late
RF245.156.Plate2.C9.799FMod3.1115R.BlackDiamond.M,2,Plate,C9,BlackDiamond,M,e,5/18/2022,late,15,Orchard,4/5/2022,8/5/2022,20,RF245,156,799FMod3.1115R,.,_,Orchard_late_BlackDiamond,Orchard_late_BlackDiamond_M,Residential_early_Tobias_F_e,Sample,Orchard_late
RF245.157.Plate2.D9.799FMod3.1115R.BlackDiamond.F,2,Plate,D9,BlackDiamond,F,e,5/18/2022,late,15,Orchard,4/5/2022,8/5/2022,20,RF245,157,799FMod3.1115R,.,_,Orchard_late_BlackDiamond,Orchard_late_BlackDiamond_F,Residential_early_Tobias_F_e,Sample,Orchard_late
RF245.158.Plate2.E9.799FMod3.1115R.BlackDiamond.F,2,Plate,E9,BlackDiamond,F,e,5/18/2022,late,15,Orchard,4/5/2022,8/5/2022,20,RF245,158,799FMod3.1115R,.,_,Orchard_late_BlackDiamond,Orchard_late_BlackDiamond_F,Residential_early_Tobias_F_e,Sample,Orchard_late
RF245.159.Plate2.F9.799FMod3.1115R.BlackDiamond.M,2,Plate,F9,BlackDiamond,M,e,5/18/2022,late,15,Orchard,4/5/2022,8/5/2022,20,RF245,159,799FMod3.1115R,.,_,Orchard_late_BlackDiamond,Orchard_late_BlackDiamond_M,Residential_early_Tobias_F_e,Sample,Orchard_late
RF245.160.Plate2.G9.799FMod3.1115R.BlackDiamond.M,2,Plate,G9,BlackDiamond,M,e,5/18/2022,late,15,Orchard,4/5/2022,8/5/2022,20,RF245,160,799FMod3.1115R,.,_,Orchard_late_BlackDiamond,Orchard_late_BlackDiamond_M,Residential_early_Tobias_F_e,Sample,Orchard_late
RF245.161.Plate2.H9.799FMod3.1115R.Cornell.F,2,Plate,H9,Cornell,F,e,5/18/2022,late,11,Orchard,4/5/2022,8/5/2022,20,RF245,161,799FMod3.1115R,.,_,Orchard_late_Cornell,Orchard_late_Cornell_F,Residential_early_Tobias_F_e,Sample,Orchard_late
RF245.162.Plate2.A10.799FMod3.1115R.Cornell.F,2,Plate,A10,Cornell,F,e,5/18/2022,late,11,Orchard,4/5/2022,8/5/2022,20,RF245,162,799FMod3.1115R,.,_,Orchard_late_Cornell,Orchard_late_Cornell_F,Residential_early_Tobias_F_e,Sample,Orchard_late
RF245.163.Plate2.B10.799FMod3.1115R.Cornell.M,2,Plate,B10,Cornell,M,e,5/18/2022,late,11,Orchard,4/5/2022,8/5/2022,20,RF245,163,799FMod3.1115R,.,_,Orchard_late_Cornell,Orchard_late_Cornell_M,Residential_early_Tobias_F_e,Sample,Orchard_late
RF245.164.Plate2.C10.799FMod3.1115R.Cornell.M,2,Plate,C10,Cornell,M,e,5/18/2022,late,11,Orchard,4/5/2022,8/5/2022,20,RF245,164,799FMod3.1115R,.,_,Orchard_late_Cornell,Orchard_late_Cornell_M,Residential_early_Tobias_F_e,Sample,Orchard_late
RF245.165.Plate2.D10.799FMod3.1115R.Cornell.F,2,Plate,D10,Cornell,F,fl,5/18/2022,late,11,Orchard,4/5/2022,8/5/2022,20,RF245,165,799FMod3.1115R,.,_,Orchard_late_Cornell,Orchard_late_Cornell_F,Residential_early_Tobias_F_e,Sample,Orchard_late
RF245.166.Plate2.E10.799FMod3.1115R.Cornell.F,2,Plate,E10,Cornell,F,e,5/18/2022,late,11,Orchard,4/5/2022,8/5/2022,20,RF245,166,799FMod3.1115R,.,_,Orchard_late_Cornell,Orchard_late_Cornell_F,Residential_early_Tobias_F_e,Sample,Orchard_late
RF245.167.Plate2.F10.799FMod3.1115R.Cornell.M,2,Plate,F10,Cornell,M,e,5/18/2022,late,11,Orchard,4/5/2022,8/5/2022,20,RF245,167,799FMod3.1115R,.,_,Orchard_late_Cornell,Orchard_late_Cornell_M,Residential_early_Tobias_F_e,Sample,Orchard_late
RF245.168.Plate2.G10.799FMod3.1115R.Cornell.M,2,Plate,G10,Cornell,M,e,5/18/2022,late,11,Orchard,4/5/2022,8/5/2022,20,RF245,168,799FMod3.1115R,.,_,Orchard_late_Cornell,Orchard_late_Cornell_M,Residential_early_Tobias_F_e,Sample,Orchard_late
RF245.169.Plate2.H10.799FMod3.1115R.Reisinger.F,2,Plate,H10,Reisinger,F,fl,5/23/2022,late,13,Orchard,4/5/2022,8/5/2022,20,RF245,169,799FMod3.1115R,.,_,Orchard_late_Reisinger,Orchard_late_Reisinger_F,Residential_early_Tobias_F_e,Sample,Orchard_late
RF245.170.Plate2.A11.799FMod3.1115R.Reisinger.F,2,Plate,A11,Reisinger,F,fl,5/23/2022,late,13,Orchard,4/5/2022,8/5/2022,20,RF245,170,799FMod3.1115R,.,_,Orchard_late_Reisinger,Orchard_late_Reisinger_F,Residential_early_Tobias_F_e,Sample,Orchard_late
RF245.171.Plate2.B11.799FMod3.1115R.Reisinger.M,2,Plate,B11,Reisinger,M,fl,5/23/2022,late,13,Orchard,4/5/2022,8/5/2022,20,RF245,171,799FMod3.1115R,.,_,Orchard_late_Reisinger,Orchard_late_Reisinger_M,Residential_early_Tobias_F_e,Sample,Orchard_late
RF245.172.Plate2.C11.799FMod3.1115R.Reisinger.M,2,Plate,C11,Reisinger,M,fl,5/23/2022,late,13,Orchard,4/5/2022,8/5/2022,20,RF245,172,799FMod3.1115R,.,_,Orchard_late_Reisinger,Orchard_late_Reisinger_M,Residential_early_Tobias_F_e,Sample,Orchard_late
RF245.173.Plate2.D11.799FMod3.1115R.Reisinger.F,2,Plate,D11,Reisinger,F,e,5/23/2022,late,13,Orchard,4/5/2022,8/5/2022,20,RF245,173,799FMod3.1115R,.,_,Orchard_late_Reisinger,Orchard_late_Reisinger_F,Residential_early_Tobias_F_e,Sample,Orchard_late
RF245.174.Plate2.E11.799FMod3.1115R.Reisinger.M,2,Plate,E11,Reisinger,M,e,5/23/2022,late,13,Orchard,4/5/2022,8/5/2022,20,RF245,174,799FMod3.1115R,.,_,Orchard_late_Reisinger,Orchard_late_Reisinger_M,Residential_early_Tobias_F_e,Sample,Orchard_late
RF245.175.Plate2.F11.799FMod3.1115R.Reisinger.F,2,Plate,F11,Reisinger,F,e,5/23/2022,late,13,Orchard,4/5/2022,8/5/2022,20,RF245,175,799FMod3.1115R,.,_,Orchard_late_Reisinger,Orchard_late_Reisinger_F,Residential_early_Tobias_F_e,Sample,Orchard_late
RF245.176.Plate2.G11.799FMod3.1115R.Reisinger.M,2,Plate,G11,Reisinger,M,e,5/23/2022,late,13,Orchard,4/5/2022,8/5/2022,20,RF245,176,799FMod3.1115R,.,_,Orchard_late_Reisinger,Orchard_late_Reisinger_M,Residential_early_Tobias_F_e,Sample,Orchard_late
RF245.033.Plate1.B5.799FMod3.1115R.Cornell.F,1,Plate,B5,Cornell,F,e,5/11/2022,early,11,Orchard,4/5/2022,7/28/2022,15,RF245,33,799FMod3.1115R,.,_,Orchard_early_Cornell,Orchard_early_Cornell_F,Residential_early_Tobias_F_e,Sample,Orchard_early
RF245.034.Plate1.C5.799FMod3.1115R.Cornell.F,1,Plate,C5,Cornell,F,e,5/11/2022,early,11,Orchard,4/5/2022,7/28/2022,15,RF245,34,799FMod3.1115R,.,_,Orchard_early_Cornell,Orchard_early_Cornell_F,Residential_early_Tobias_F_e,Sample,Orchard_early
RF245.035.Plate1.D5.799FMod3.1115R.Cornell.M,1,Plate,D5,Cornell,M,e,5/11/2022,early,11,Orchard,4/5/2022,7/28/2022,15,RF245,35,799FMod3.1115R,.,_,Orchard_early_Cornell,Orchard_early_Cornell_M,Residential_early_Tobias_F_e,Sample,Orchard_early
RF245.036.Plate1.E5.799FMod3.1115R.Cornell.M,1,Plate,E5,Cornell,M,e,5/11/2022,early,11,Orchard,4/5/2022,7/28/2022,15,RF245,36,799FMod3.1115R,.,_,Orchard_early_Cornell,Orchard_early_Cornell_M,Residential_early_Tobias_F_e,Sample,Orchard_early
RF245.037.Plate1.F5.799FMod3.1115R.Cornell.F,1,Plate,F5,Cornell,F,e,5/11/2022,early,11,Orchard,4/5/2022,7/28/2022,15,RF245,37,799FMod3.1115R,.,_,Orchard_early_Cornell,Orchard_early_Cornell_F,Residential_early_Tobias_F_e,Sample,Orchard_early
RF245.038.Plate1.G5.799FMod3.1115R.Cornell.F,1,Plate,G5,Cornell,F,e,5/11/2022,early,11,Orchard,4/5/2022,7/28/2022,15,RF245,38,799FMod3.1115R,.,_,Orchard_early_Cornell,Orchard_early_Cornell_F,Residential_early_Tobias_F_e,Sample,Orchard_early
RF245.039.Plate1.H5.799FMod3.1115R.Cornell.M,1,Plate,H5,Cornell,M,e,5/11/2022,early,11,Orchard,4/5/2022,7/28/2022,15,RF245,39,799FMod3.1115R,.,_,Orchard_early_Cornell,Orchard_early_Cornell_M,Residential_early_Tobias_F_e,Sample,Orchard_early
RF245.040.Plate1.A6.799FMod3.1115R.Cornell.M,1,Plate,A6,Cornell,M,e,5/11/2022,early,11,Orchard,4/5/2022,7/28/2022,15,RF245,40,799FMod3.1115R,.,_,Orchard_early_Cornell,Orchard_early_Cornell_M,Residential_early_Tobias_F_e,Sample,Orchard_early
RF245.049.Plate1.D7.799FMod3.1115R.Littletree.F,1,Plate,D7,Littletree,F,e,5/12/2022,early,12,Orchard,4/5/2022,8/1/2022,16,RF245,49,799FMod3.1115R,.,_,Orchard_early_Littletree,Orchard_early_Littletree_F,Residential_early_Tobias_F_e,Sample,Orchard_early
RF245.050.Plate1.E7.799FMod3.1115R.Littletree.M,1,Plate,E7,Littletree,M,e,5/12/2022,early,12,Orchard,4/5/2022,8/1/2022,16,RF245,50,799FMod3.1115R,.,_,Orchard_early_Littletree,Orchard_early_Littletree_M,Residential_early_Tobias_F_e,Sample,Orchard_early
RF245.051.Plate1.F7.799FMod3.1115R.Littletree.M,1,Plate,F7,Littletree,M,e,5/12/2022,early,12,Orchard,4/5/2022,8/1/2022,16,RF245,51,799FMod3.1115R,.,_,Orchard_early_Littletree,Orchard_early_Littletree_M,Residential_early_Tobias_F_e,Sample,Orchard_early
RF245.052.Plate1.G7.799FMod3.1115R.Littletree.F,1,Plate,G7,Littletree,F,e,5/12/2022,early,12,Orchard,4/5/2022,8/1/2022,16,RF245,52,799FMod3.1115R,.,_,Orchard_early_Littletree,Orchard_early_Littletree_F,Residential_early_Tobias_F_e,Sample,Orchard_early
RF245.053.Plate1.H7.799FMod3.1115R.Littletree.F,1,Plate,H7,Littletree,F,e,5/12/2022,early,12,Orchard,4/5/2022,8/1/2022,16,RF245,53,799FMod3.1115R,.,_,Orchard_early_Littletree,Orchard_early_Littletree_F,Residential_early_Tobias_F_e,Sample,Orchard_early
RF245.054.Plate1.A8.799FMod3.1115R.Littletree.F,1,Plate,A8,Littletree,F,e,5/12/2022,early,12,Orchard,4/5/2022,8/1/2022,16,RF245,54,799FMod3.1115R,.,_,Orchard_early_Littletree,Orchard_early_Littletree_F,Residential_early_Tobias_F_e,Sample,Orchard_early
RF245.055.Plate1.B8.799FMod3.1115R.Littletree.M,1,Plate,B8,Littletree,M,e,5/12/2022,early,12,Orchard,4/5/2022,8/1/2022,16,RF245,55,799FMod3.1115R,.,_,Orchard_early_Littletree,Orchard_early_Littletree_M,Residential_early_Tobias_F_e,Sample,Orchard_early
RF245.056.Plate1.C8.799FMod3.1115R.Littletree.M,1,Plate,C8,Littletree,M,e,5/12/2022,early,12,Orchard,4/5/2022,8/1/2022,16,RF245,56,799FMod3.1115R,.,_,Orchard_early_Littletree,Orchard_early_Littletree_M,Residential_early_Tobias_F_e,Sample,Orchard_early
RF245.057.Plate1.D8.799FMod3.1115R.BlackDiamond.F,1,Plate,D8,BlackDiamond,F,fl,5/12/2022,early,15,Orchard,4/5/2022,8/1/2022,16,RF245,57,799FMod3.1115R,.,_,Orchard_early_BlackDiamond,Orchard_early_BlackDiamond_F,Residential_early_Tobias_F_e,Sample,Orchard_early
RF245.058.Plate1.E8.799FMod3.1115R.BlackDiamond.F,1,Plate,E8,BlackDiamond,F,e,5/12/2022,early,15,Orchard,4/5/2022,8/1/2022,16,RF245,58,799FMod3.1115R,.,_,Orchard_early_BlackDiamond,Orchard_early_BlackDiamond_F,Residential_early_Tobias_F_e,Sample,Orchard_early
RF245.059.Plate1.F8.799FMod3.1115R.BlackDiamond.M,1,Plate,F8,BlackDiamond,M,e,5/12/2022,early,15,Orchard,4/5/2022,8/1/2022,16,RF245,59,799FMod3.1115R,.,_,Orchard_early_BlackDiamond,Orchard_early_BlackDiamond_M,Residential_early_Tobias_F_e,Sample,Orchard_early
RF245.060.Plate1.G8.799FMod3.1115R.BlackDiamond.M,1,Plate,G8,BlackDiamond,M,e,5/12/2022,early,15,Orchard,4/5/2022,8/1/2022,16,RF245,60,799FMod3.1115R,.,_,Orchard_early_BlackDiamond,Orchard_early_BlackDiamond_M,Residential_early_Tobias_F_e,Sample,Orchard_early
RF245.061.Plate1.H8.799FMod3.1115R.BlackDiamond.F,1,Plate,H8,BlackDiamond,F,fl,5/12/2022,early,15,Orchard,4/5/2022,8/1/2022,16,RF245,61,799FMod3.1115R,.,_,Orchard_early_BlackDiamond,Orchard_early_BlackDiamond_F,Residential_early_Tobias_F_e,Sample,Orchard_early
RF245.062.Plate1.A9.799FMod3.1115R.BlackDiamond.F,1,Plate,A9,BlackDiamond,F,e,5/12/2022,early,15,Orchard,4/5/2022,8/1/2022,16,RF245,62,799FMod3.1115R,.,_,Orchard_early_BlackDiamond,Orchard_early_BlackDiamond_F,Residential_early_Tobias_F_e,Sample,Orchard_early
RF245.063.Plate1.B9.799FMod3.1115R.BlackDiamond.M,1,Plate,B9,BlackDiamond,M,e,5/12/2022,early,15,Orchard,4/5/2022,8/1/2022,16,RF245,63,799FMod3.1115R,.,_,Orchard_early_BlackDiamond,Orchard_early_BlackDiamond_M,Residential_early_Tobias_F_e,Sample,Orchard_early
RF245.064.Plate1.C9.799FMod3.1115R.BlackDiamond.M,1,Plate,C9,BlackDiamond,M,e,5/12/2022,early,15,Orchard,4/5/2022,8/1/2022,16,RF245,64,799FMod3.1115R,.,_,Orchard_early_BlackDiamond,Orchard_early_BlackDiamond_M,Residential_early_Tobias_F_e,Sample,Orchard_early
RF245.065.Plate1.D9.799FMod3.1115R.IndianCreek.F,1,Plate,D9,IndianCreek,F,e,5/12/2022,early,14,Orchard,4/5/2022,8/1/2022,16,RF245,65,799FMod3.1115R,.,_,Orchard_early_IndianCreek,Orchard_early_IndianCreek_F,Residential_early_Tobias_F_e,Sample,Orchard_early
RF245.066.Plate1.E9.799FMod3.1115R.IndianCreek.F,1,Plate,E9,IndianCreek,F,e,5/12/2022,early,14,Orchard,4/5/2022,8/1/2022,16,RF245,66,799FMod3.1115R,.,_,Orchard_early_IndianCreek,Orchard_early_IndianCreek_F,Residential_early_Tobias_F_e,Sample,Orchard_early
RF245.067.Plate1.F9.799FMod3.1115R.IndianCreek.M,1,Plate,F9,IndianCreek,M,e,5/12/2022,early,14,Orchard,4/5/2022,8/1/2022,16,RF245,67,799FMod3.1115R,.,_,Orchard_early_IndianCreek,Orchard_early_IndianCreek_M,Residential_early_Tobias_F_e,Sample,Orchard_early
RF245.068.Plate1.G9.799FMod3.1115R.IndianCreek.M,1,Plate,G9,IndianCreek,M,e,5/12/2022,early,14,Orchard,4/5/2022,8/1/2022,16,RF245,68,799FMod3.1115R,.,_,Orchard_early_IndianCreek,Orchard_early_IndianCreek_M,Residential_early_Tobias_F_e,Sample,Orchard_early
RF245.069.Plate1.H9.799FMod3.1115R.IndianCreek.F,1,Plate,H9,IndianCreek,F,e,5/12/2022,early,14,Orchard,4/5/2022,8/1/2022,16,RF245,69,799FMod3.1115R,.,_,Orchard_early_IndianCreek,Orchard_early_IndianCreek_F,Residential_early_Tobias_F_e,Sample,Orchard_early
RF245.070.Plate1.A10.799FMod3.1115R.IndianCreek.F,1,Plate,A10,IndianCreek,F,e,5/12/2022,early,14,Orchard,4/5/2022,8/1/2022,16,RF245,70,799FMod3.1115R,.,_,Orchard_early_IndianCreek,Orchard_early_IndianCreek_F,Residential_early_Tobias_F_e,Sample,Orchard_early
RF245.071.Plate1.B10.799FMod3.1115R.IndianCreek.M,1,Plate,B10,IndianCreek,M,e,5/12/2022,early,14,Orchard,4/5/2022,8/1/2022,16,RF245,71,799FMod3.1115R,.,_,Orchard_early_IndianCreek,Orchard_early_IndianCreek_M,Residential_early_Tobias_F_e,Sample,Orchard_early
RF245.072.Plate1.C10.799FMod3.1115R.IndianCreek.M,1,Plate,C10,IndianCreek,M,e,5/12/2022,early,14,Orchard,4/5/2022,8/1/2022,16,RF245,72,799FMod3.1115R,.,_,Orchard_early_IndianCreek,Orchard_early_IndianCreek_M,Residential_early_Tobias_F_e,Sample,Orchard_early
RF245.097.Plate2.F1.799FMod3.1115R.Reisinger.F,2,Plate,F1,Reisinger,F,fl,5/16/2022,early,13,Orchard,4/5/2022,8/3/2022,17,RF245,97,799FMod3.1115R,.,_,Orchard_early_Reisinger,Orchard_early_Reisinger_F,Residential_early_Tobias_F_e,Sample,Orchard_early
RF245.098.Plate2.G1.799FMod3.1115R.Reisinger.F,2,Plate,G1,Reisinger,F,fl,5/16/2022,early,13,Orchard,4/5/2022,8/3/2022,17,RF245,98,799FMod3.1115R,.,_,Orchard_early_Reisinger,Orchard_early_Reisinger_F,Residential_early_Tobias_F_e,Sample,Orchard_early
RF245.099.Plate2.H1.799FMod3.1115R.Reisinger.M,2,Plate,H1,Reisinger,M,e,5/16/2022,early,13,Orchard,4/5/2022,8/3/2022,17,RF245,99,799FMod3.1115R,.,_,Orchard_early_Reisinger,Orchard_early_Reisinger_M,Residential_early_Tobias_F_e,Sample,Orchard_early
RF245.100.Plate2.A2.799FMod3.1115R.Reisinger.M,2,Plate,A2,Reisinger,M,e,5/16/2022,early,13,Orchard,4/5/2022,8/3/2022,17,RF245,100,799FMod3.1115R,.,_,Orchard_early_Reisinger,Orchard_early_Reisinger_M,Residential_early_Tobias_F_e,Sample,Orchard_early
RF245.101.Plate2.B2.799FMod3.1115R.Reisinger.F,2,Plate,B2,Reisinger,F,e,5/16/2022,early,13,Orchard,4/5/2022,8/3/2022,17,RF245,101,799FMod3.1115R,.,_,Orchard_early_Reisinger,Orchard_early_Reisinger_F,Residential_early_Tobias_F_e,Sample,Orchard_early
RF245.102.Plate2.C2.799FMod3.1115R.Reisinger.F,2,Plate,C2,Reisinger,F,e,5/16/2022,early,13,Orchard,4/5/2022,8/3/2022,17,RF245,102,799FMod3.1115R,.,_,Orchard_early_Reisinger,Orchard_early_Reisinger_F,Residential_early_Tobias_F_e,Sample,Orchard_early
RF245.103.Plate2.D2.799FMod3.1115R.Reisinger.M,2,Plate,D2,Reisinger,M,e,5/16/2022,early,13,Orchard,4/5/2022,8/3/2022,17,RF245,103,799FMod3.1115R,.,_,Orchard_early_Reisinger,Orchard_early_Reisinger_M,Residential_early_Tobias_F_e,Sample,Orchard_early
RF245.104.Plate2.E2.799FMod3.1115R.Reisinger.M,2,Plate,E2,Reisinger,M,e,5/16/2022,early,13,Orchard,4/5/2022,8/3/2022,17,RF245,104,799FMod3.1115R,.,_,Orchard_early_Reisinger,Orchard_early_Reisinger_M,Residential_early_Tobias_F_e,Sample,Orchard_early
RF245.201.Plate3.B3.799FMod3.1115R.ConnHillRd.F,3,Plate,B3,ConnHillRd,F,e,5/31/2022,late,3,Forest,4/5/2022,8/22/2022,20,RF245,201,799FMod3.1115R,.,_,Forest_late_ConnHillRd,Forest_late_ConnHillRd_F,Residential_early_Tobias_F_e,Sample,Forest_late
RF245.202.Plate3.C3.799FMod3.1115R.ConnHillRd.F,3,Plate,C3,ConnHillRd,F,e,5/31/2022,late,3,Forest,4/5/2022,8/22/2022,20,RF245,202,799FMod3.1115R,.,_,Forest_late_ConnHillRd,Forest_late_ConnHillRd_F,Residential_early_Tobias_F_e,Sample,Forest_late
RF245.203.Plate3.D3.799FMod3.1115R.ConnHillRd.M,3,Plate,D3,ConnHillRd,M,e,5/31/2022,late,3,Forest,4/5/2022,8/22/2022,20,RF245,203,799FMod3.1115R,.,_,Forest_late_ConnHillRd,Forest_late_ConnHillRd_M,Residential_early_Tobias_F_e,Sample,Forest_late
RF245.204.Plate3.E3.799FMod3.1115R.ConnHillRd.M,3,Plate,E3,ConnHillRd,M,e,5/31/2022,late,3,Forest,4/5/2022,8/22/2022,20,RF245,204,799FMod3.1115R,.,_,Forest_late_ConnHillRd,Forest_late_ConnHillRd_M,Residential_early_Tobias_F_e,Sample,Forest_late
RF245.205.Plate3.F3.799FMod3.1115R.ConnHillRd.F,3,Plate,F3,ConnHillRd,F,e,5/31/2022,late,4,Forest,4/5/2022,8/22/2022,20,RF245,205,799FMod3.1115R,.,_,Forest_late_ConnHillRd,Forest_late_ConnHillRd_F,Residential_early_Tobias_F_e,Sample,Forest_late
RF245.206.Plate3.G3.799FMod3.1115R.ConnHillRd.F,3,Plate,G3,ConnHillRd,F,e,5/31/2022,late,4,Forest,4/5/2022,8/22/2022,20,RF245,206,799FMod3.1115R,.,_,Forest_late_ConnHillRd,Forest_late_ConnHillRd_F,Residential_early_Tobias_F_e,Sample,Forest_late
RF245.207.Plate3.H3.799FMod3.1115R.ConnHillRd.M,3,Plate,H3,ConnHillRd,M,e,5/31/2022,late,4,Forest,4/5/2022,8/22/2022,20,RF245,207,799FMod3.1115R,.,_,Forest_late_ConnHillRd,Forest_late_ConnHillRd_M,Residential_early_Tobias_F_e,Sample,Forest_late
RF245.208.Plate3.A4.799FMod3.1115R.ConnHillRd.M,3,Plate,A4,ConnHillRd,M,e,5/31/2022,late,4,Forest,4/5/2022,8/22/2022,20,RF245,208,799FMod3.1115R,.,_,Forest_late_ConnHillRd,Forest_late_ConnHillRd_M,Residential_early_Tobias_F_e,Sample,Forest_late
RF245.209.Plate3.B4.799FMod3.1115R.Cemetery.F,3,Plate,B4,Cemetery,F,e,5/31/2022,late,2,Forest,4/5/2022,8/22/2022,20,RF245,209,799FMod3.1115R,.,_,Forest_late_Cemetery,Forest_late_Cemetery_F,Residential_early_Tobias_F_e,Sample,Forest_late
RF245.210.Plate3.C4.799FMod3.1115R.Cemetery.F,3,Plate,C4,Cemetery,F,e,5/31/2022,late,2,Forest,4/5/2022,8/22/2022,20,RF245,210,799FMod3.1115R,.,_,Forest_late_Cemetery,Forest_late_Cemetery_F,Residential_early_Tobias_F_e,Sample,Forest_late
RF245.211.Plate3.D4.799FMod3.1115R.Cemetery.M,3,Plate,D4,Cemetery,M,e,5/31/2022,late,2,Forest,4/5/2022,8/22/2022,20,RF245,211,799FMod3.1115R,.,_,Forest_late_Cemetery,Forest_late_Cemetery_M,Residential_early_Tobias_F_e,Sample,Forest_late
RF245.212.Plate3.E4.799FMod3.1115R.Cemetery.M,3,Plate,E4,Cemetery,M,e,5/31/2022,late,2,Forest,4/5/2022,8/22/2022,20,RF245,212,799FMod3.1115R,.,_,Forest_late_Cemetery,Forest_late_Cemetery_M,Residential_early_Tobias_F_e,Sample,Forest_late
RF245.213.Plate3.F4.799FMod3.1115R.Cemetery.F,3,Plate,F4,Cemetery,F,fl,5/31/2022,late,2,Forest,4/5/2022,8/22/2022,20,RF245,213,799FMod3.1115R,.,_,Forest_late_Cemetery,Forest_late_Cemetery_F,Residential_early_Tobias_F_e,Sample,Forest_late
RF245.214.Plate3.G4.799FMod3.1115R.Cemetery.F,3,Plate,G4,Cemetery,F,e,5/31/2022,late,2,Forest,4/5/2022,8/22/2022,20,RF245,214,799FMod3.1115R,.,_,Forest_late_Cemetery,Forest_late_Cemetery_F,Residential_early_Tobias_F_e,Sample,Forest_late
RF245.215.Plate3.H4.799FMod3.1115R.Cemetery.M,3,Plate,H4,Cemetery,M,e,5/31/2022,late,2,Forest,4/5/2022,8/22/2022,20,RF245,215,799FMod3.1115R,.,_,Forest_late_Cemetery,Forest_late_Cemetery_M,Residential_early_Tobias_F_e,Sample,Forest_late
RF245.216.Plate3.A5.799FMod3.1115R.Cemetery.M,3,Plate,A5,Cemetery,M,fl,5/31/2022,late,2,Forest,4/5/2022,8/22/2022,20,RF245,216,799FMod3.1115R,.,_,Forest_late_Cemetery,Forest_late_Cemetery_M,Residential_early_Tobias_F_e,Sample,Forest_late
RF245.217.Plate3.B5.799FMod3.1115R.BoylanRd.F,3,Plate,B5,BoylanRd,F,e,5/31/2022,late,1,Forest,4/5/2022,8/22/2022,20,RF245,217,799FMod3.1115R,.,_,Forest_late_BoylanRd,Forest_late_BoylanRd_F,Residential_early_Tobias_F_e,Sample,Forest_late
RF245.218.Plate3.C5.799FMod3.1115R.BoylanRd.F,3,Plate,C5,BoylanRd,F,e,5/31/2022,late,1,Forest,4/5/2022,8/22/2022,20,RF245,218,799FMod3.1115R,.,_,Forest_late_BoylanRd,Forest_late_BoylanRd_F,Residential_early_Tobias_F_e,Sample,Forest_late
RF245.219.Plate3.D5.799FMod3.1115R.BoylanRd.M,3,Plate,D5,BoylanRd,M,e,5/31/2022,late,1,Forest,4/5/2022,8/22/2022,20,RF245,219,799FMod3.1115R,.,_,Forest_late_BoylanRd,Forest_late_BoylanRd_M,Residential_early_Tobias_F_e,Sample,Forest_late
RF245.220.Plate3.E5.799FMod3.1115R.BoylanRd.M,3,Plate,E5,BoylanRd,M,e,5/31/2022,late,1,Forest,4/5/2022,8/22/2022,20,RF245,220,799FMod3.1115R,.,_,Forest_late_BoylanRd,Forest_late_BoylanRd_M,Residential_early_Tobias_F_e,Sample,Forest_late
RF245.221.Plate3.F5.799FMod3.1115R.BoylanRd.F,3,Plate,F5,BoylanRd,F,e,5/31/2022,late,1,Forest,4/5/2022,8/22/2022,20,RF245,221,799FMod3.1115R,.,_,Forest_late_BoylanRd,Forest_late_BoylanRd_F,Residential_early_Tobias_F_e,Sample,Forest_late
RF245.222.Plate3.G5.799FMod3.1115R.BoylanRd.F,3,Plate,G5,BoylanRd,F,e,5/31/2022,late,1,Forest,4/5/2022,8/22/2022,20,RF245,222,799FMod3.1115R,.,_,Forest_late_BoylanRd,Forest_late_BoylanRd_F,Residential_early_Tobias_F_e,Sample,Forest_late
RF245.223.Plate3.H5.799FMod3.1115R.BoylanRd.M,3,Plate,H5,BoylanRd,M,e,5/31/2022,late,1,Forest,4/5/2022,8/22/2022,20,RF245,223,799FMod3.1115R,.,_,Forest_late_BoylanRd,Forest_late_BoylanRd_M,Residential_early_Tobias_F_e,Sample,Forest_late
RF245.224.Plate3.A6.799FMod3.1115R.BoylanRd.M,3,Plate,A6,BoylanRd,M,e,5/31/2022,late,1,Forest,4/5/2022,8/22/2022,20,RF245,224,799FMod3.1115R,.,_,Forest_late_BoylanRd,Forest_late_BoylanRd_M,Residential_early_Tobias_F_e,Sample,Forest_late
RF245.225.Plate3.B6.799FMod3.1115R.SwanHillRdN.F,3,Plate,B6,SwanHillRdN,F,e,5/31/2022,late,4,Forest,4/5/2022,8/22/2022,20,RF245,225,799FMod3.1115R,.,_,Forest_late_SwanHillRdN,Forest_late_SwanHillRdN_F,Residential_early_Tobias_F_e,Sample,Forest_late
RF245.226.Plate3.C6.799FMod3.1115R.SwanHillRdN.F,3,Plate,C6,SwanHillRdN,F,e,5/31/2022,late,4,Forest,4/5/2022,8/22/2022,20,RF245,226,799FMod3.1115R,.,_,Forest_late_SwanHillRdN,Forest_late_SwanHillRdN_F,Residential_early_Tobias_F_e,Sample,Forest_late
RF245.227.Plate3.D6.799FMod3.1115R.SwanHillRdN.M,3,Plate,D6,SwanHillRdN,M,e,5/31/2022,late,4,Forest,4/5/2022,8/22/2022,20,RF245,227,799FMod3.1115R,.,_,Forest_late_SwanHillRdN,Forest_late_SwanHillRdN_M,Residential_early_Tobias_F_e,Sample,Forest_late
RF245.228.Plate3.E6.799FMod3.1115R.SwanHillRdN.M,3,Plate,E6,SwanHillRdN,M,e,5/31/2022,late,4,Forest,4/5/2022,8/22/2022,20,RF245,228,799FMod3.1115R,.,_,Forest_late_SwanHillRdN,Forest_late_SwanHillRdN_M,Residential_early_Tobias_F_e,Sample,Forest_late
RF245.229.Plate3.F6.799FMod3.1115R.SwanHillRdN.F,3,Plate,F6,SwanHillRdN,F,e,5/31/2022,late,4,Forest,4/5/2022,8/22/2022,20,RF245,229,799FMod3.1115R,.,_,Forest_late_SwanHillRdN,Forest_late_SwanHillRdN_F,Residential_early_Tobias_F_e,Sample,Forest_late
RF245.230.Plate3.G6.799FMod3.1115R.SwanHillRdN.F,3,Plate,G6,SwanHillRdN,F,e,5/31/2022,late,4,Forest,4/5/2022,8/22/2022,20,RF245,230,799FMod3.1115R,.,_,Forest_late_SwanHillRdN,Forest_late_SwanHillRdN_F,Residential_early_Tobias_F_e,Sample,Forest_late
RF245.231.Plate3.A7.799FMod3.1115R.SwanHillRdN.M,3,Plate,A7,SwanHillRdN,M,e,5/31/2022,late,4,Forest,4/5/2022,8/22/2022,20,RF245,231,799FMod3.1115R,.,_,Forest_late_SwanHillRdN,Forest_late_SwanHillRdN_M,Residential_early_Tobias_F_e,Sample,Forest_late
RF245.232.Plate3.B7.799FMod3.1115R.SwanHillRdN.M,3,Plate,B7,SwanHillRdN,M,e,5/31/2022,late,4,Forest,4/5/2022,8/22/2022,20,RF245,232,799FMod3.1115R,.,_,Forest_late_SwanHillRdN,Forest_late_SwanHillRdN_M,Residential_early_Tobias_F_e,Sample,Forest_late
RF245.233.Plate3.C7.799FMod3.1115R.SwanHillRdS.F,3,Plate,C7,SwanHillRdS.,F,e,5/31/2022,late,5,Forest,4/5/2022,8/22/2022,20,RF245,233,799FMod3.1115R,.,_,Forest_late_SwanHillRdS.,Forest_late_SwanHillRdS._F,Residential_early_Tobias_F_e,Sample,Forest_late
RF245.234.Plate3.D7.799FMod3.1115R.SwanHillRdS.F,3,Plate,D7,SwanHillRdS.,F,fl,5/31/2022,late,5,Forest,4/5/2022,8/22/2022,20,RF245,234,799FMod3.1115R,.,_,Forest_late_SwanHillRdS.,Forest_late_SwanHillRdS._F,Residential_early_Tobias_F_e,Sample,Forest_late
RF245.235.Plate3.E7.799FMod3.1115R.SwanHillRdS.M,3,Plate,E7,SwanHillRdS.,M,e,5/31/2022,late,5,Forest,4/5/2022,8/22/2022,20,RF245,235,799FMod3.1115R,.,_,Forest_late_SwanHillRdS.,Forest_late_SwanHillRdS._M,Residential_early_Tobias_F_e,Sample,Forest_late
RF245.236.Plate3.F7.799FMod3.1115R.SwanHillRdS.M,3,Plate,F7,SwanHillRdS.,M,e,5/31/2022,late,5,Forest,4/5/2022,9/16/2022,20,RF245,236,799FMod3.1115R,.,_,Forest_late_SwanHillRdS.,Forest_late_SwanHillRdS._M,Residential_early_Tobias_F_e,Sample,Forest_late
RF245.237.Plate3.G7.799FMod3.1115R.SwanHillRdS.F,3,Plate,G7,SwanHillRdS.,F,e,5/31/2022,late,5,Forest,4/5/2022,9/16/2022,20,RF245,237,799FMod3.1115R,.,_,Forest_late_SwanHillRdS.,Forest_late_SwanHillRdS._F,Residential_early_Tobias_F_e,Sample,Forest_late
RF245.238.Plate3.H7.799FMod3.1115R.SwanHillRdS.M,3,Plate,H7,SwanHillRdS.,M,e,5/31/2022,late,5,Forest,4/5/2022,9/16/2022,20,RF245,238,799FMod3.1115R,.,_,Forest_late_SwanHillRdS.,Forest_late_SwanHillRdS._M,Residential_early_Tobias_F_e,Sample,Forest_late
RF245.239.Plate3.A8.799FMod3.1115R.SwanHillRdS.F,3,Plate,A8,SwanHillRdS.,F,e,5/31/2022,late,5,Forest,4/5/2022,9/16/2022,20,RF245,239,799FMod3.1115R,.,_,Forest_late_SwanHillRdS.,Forest_late_SwanHillRdS._F,Residential_early_Tobias_F_e,Sample,Forest_late
RF245.240.Plate3.B8.799FMod3.1115R.SwanHillRdS.F,3,Plate,B8,SwanHillRdS.,F,e,5/31/2022,late,5,Forest,4/5/2022,9/16/2022,20,RF245,240,799FMod3.1115R,.,_,Forest_late_SwanHillRdS.,Forest_late_SwanHillRdS._F,Residential_early_Tobias_F_e,Sample,Forest_late
RF245.081.Plate1.D11.799FMod3.1115R.BoylanRd.F,1,Plate,D11,BoylanRd,F,e,5/16/2022,early,1,Forest,4/5/2022,8/1/2022,16,RF245,81,799FMod3.1115R,.,_,Forest_early_BoylanRd,Forest_early_BoylanRd_F,Residential_early_Tobias_F_e,Sample,Forest_early
RF245.082.Plate1.E11.799FMod3.1115R.BoylanRd.F,1,Plate,E11,BoylanRd,F,e,5/16/2022,early,1,Forest,4/5/2022,8/1/2022,16,RF245,82,799FMod3.1115R,.,_,Forest_early_BoylanRd,Forest_early_BoylanRd_F,Residential_early_Tobias_F_e,Sample,Forest_early
RF245.083.Plate1.F11.799FMod3.1115R.BoylanRd.F,1,Plate,F11,BoylanRd,F,e,5/16/2022,early,1,Forest,4/5/2022,8/1/2022,16,RF245,83,799FMod3.1115R,.,_,Forest_early_BoylanRd,Forest_early_BoylanRd_F,Residential_early_Tobias_F_e,Sample,Forest_early
RF245.084.Plate1.G11.799FMod3.1115R.BoylanRd.M,1,Plate,G11,BoylanRd,M,e,5/16/2022,early,1,Forest,4/5/2022,8/1/2022,16,RF245,84,799FMod3.1115R,.,_,Forest_early_BoylanRd,Forest_early_BoylanRd_M,Residential_early_Tobias_F_e,Sample,Forest_early
RF245.085.Plate1.H11.799FMod3.1115R.BoylanRd.F,1,Plate,H11,BoylanRd,F,e,5/16/2022,early,1,Forest,4/5/2022,8/1/2022,16,RF245,85,799FMod3.1115R,.,_,Forest_early_BoylanRd,Forest_early_BoylanRd_F,Residential_early_Tobias_F_e,Sample,Forest_early
RF245.086.Plate1.A12.799FMod3.1115R.BoylanRd.F,1,Plate,A12,BoylanRd,F,e,5/16/2022,early,1,Forest,4/5/2022,8/1/2022,16,RF245,86,799FMod3.1115R,.,_,Forest_early_BoylanRd,Forest_early_BoylanRd_F,Residential_early_Tobias_F_e,Sample,Forest_early
RF245.087.Plate1.B12.799FMod3.1115R.BoylanRd.F,1,Plate,B12,BoylanRd,F,e,5/16/2022,early,1,Forest,4/5/2022,8/1/2022,16,RF245,87,799FMod3.1115R,.,_,Forest_early_BoylanRd,Forest_early_BoylanRd_F,Residential_early_Tobias_F_e,Sample,Forest_early
RF245.088.Plate1.C12.799FMod3.1115R.BoylanRd.M,1,Plate,C12,BoylanRd,M,e,5/16/2022,early,1,Forest,4/5/2022,8/1/2022,16,RF245,88,799FMod3.1115R,.,_,Forest_early_BoylanRd,Forest_early_BoylanRd_M,Residential_early_Tobias_F_e,Sample,Forest_early
RF245.089.Plate1.D12.799FMod3.1115R.SwanHillRdS.F,1,Plate,D12,SwanHillRdS.,F,e,5/16/2022,early,5,Forest,4/5/2022,8/1/2022,16,RF245,89,799FMod3.1115R,.,_,Forest_early_SwanHillRdS.,Forest_early_SwanHillRdS._F,Residential_early_Tobias_F_e,Sample,Forest_early
RF245.090.Plate1.E12.799FMod3.1115R.SwanHillRdS.F,1,Plate,E12,SwanHillRdS.,F,e,5/16/2022,early,5,Forest,4/5/2022,8/1/2022,16,RF245,90,799FMod3.1115R,.,_,Forest_early_SwanHillRdS.,Forest_early_SwanHillRdS._F,Residential_early_Tobias_F_e,Sample,Forest_early
RF245.091.Plate1.F12.799FMod3.1115R.SwanHillRdS.F,1,Plate,F12,SwanHillRdS.,F,e,5/16/2022,early,5,Forest,4/5/2022,8/1/2022,16,RF245,91,799FMod3.1115R,.,_,Forest_early_SwanHillRdS.,Forest_early_SwanHillRdS._F,Residential_early_Tobias_F_e,Sample,Forest_early
RF245.092.Plate1.G12.799FMod3.1115R.SwanHillRdS.M,1,Plate,G12,SwanHillRdS.,M,e,5/23/2022,early,5,Forest,4/5/2022,8/1/2022,16,RF245,92,799FMod3.1115R,.,_,Forest_early_SwanHillRdS.,Forest_early_SwanHillRdS._M,Residential_early_Tobias_F_e,Sample,Forest_early
RF245.093.Plate2.A1.799FMod3.1115R.SwanHillRdS.M,2,Plate,A1,SwanHillRdS.,M,e,5/23/2022,early,5,Forest,4/5/2022,8/1/2022,16,RF245,93,799FMod3.1115R,.,_,Forest_early_SwanHillRdS.,Forest_early_SwanHillRdS._M,Residential_early_Tobias_F_e,Sample,Forest_early
RF245.094.Plate2.C1.799FMod3.1115R.SwanHillRdS.F,2,Plate,C1,SwanHillRdS.,F,e,5/23/2022,early,5,Forest,4/5/2022,8/3/2022,17,RF245,94,799FMod3.1115R,.,_,Forest_early_SwanHillRdS.,Forest_early_SwanHillRdS._F,Residential_early_Tobias_F_e,Sample,Forest_early
RF245.095.Plate2.D1.799FMod3.1115R.SwanHillRdS.M,2,Plate,D1,SwanHillRdS.,M,e,5/23/2022,early,5,Forest,4/5/2022,8/3/2022,17,RF245,95,799FMod3.1115R,.,_,Forest_early_SwanHillRdS.,Forest_early_SwanHillRdS._M,Residential_early_Tobias_F_e,Sample,Forest_early
RF245.096.Plate2.E1.799FMod3.1115R.SwanHillRdS.M,2,Plate,E1,SwanHillRdS.,M,e,5/23/2022,early,5,Forest,4/5/2022,8/3/2022,17,RF245,96,799FMod3.1115R,.,_,Forest_early_SwanHillRdS.,Forest_early_SwanHillRdS._M,Residential_early_Tobias_F_e,Sample,Forest_early
RF245.177.Plate2.H11.799FMod3.1115R.Cemetery.F,2,Plate,H11,Cemetery,F,fl,5/23/2022,early,2,Forest,4/5/2022,8/5/2022,20,RF245,177,799FMod3.1115R,.,_,Forest_early_Cemetery,Forest_early_Cemetery_F,Residential_early_Tobias_F_e,Sample,Forest_early
RF245.178.Plate2.A12.799FMod3.1115R.Cemetery.F,2,Plate,A12,Cemetery,F,e,5/23/2022,early,2,Forest,4/5/2022,8/5/2022,20,RF245,178,799FMod3.1115R,.,_,Forest_early_Cemetery,Forest_early_Cemetery_F,Residential_early_Tobias_F_e,Sample,Forest_early
RF245.179.Plate2.B12.799FMod3.1115R.Cemetery.M,2,Plate,B12,Cemetery,M,e,5/23/2022,early,2,Forest,4/5/2022,8/5/2022,20,RF245,179,799FMod3.1115R,.,_,Forest_early_Cemetery,Forest_early_Cemetery_M,Residential_early_Tobias_F_e,Sample,Forest_early
RF245.180.Plate2.C12.799FMod3.1115R.Cemetery.M,2,Plate,C12,Cemetery,M,e,5/23/2022,early,2,Forest,4/5/2022,8/5/2022,20,RF245,180,799FMod3.1115R,.,_,Forest_early_Cemetery,Forest_early_Cemetery_M,Residential_early_Tobias_F_e,Sample,Forest_early
RF245.181.Plate2.D12.799FMod3.1115R.Cemetery.F,2,Plate,D12,Cemetery,F,e,5/23/2022,early,2,Forest,4/5/2022,8/5/2022,20,RF245,181,799FMod3.1115R,.,_,Forest_early_Cemetery,Forest_early_Cemetery_F,Residential_early_Tobias_F_e,Sample,Forest_early
RF245.182.Plate2.E12.799FMod3.1115R.Cemetery.F,2,Plate,E12,Cemetery,F,e,5/23/2022,early,2,Forest,4/5/2022,8/5/2022,20,RF245,182,799FMod3.1115R,.,_,Forest_early_Cemetery,Forest_early_Cemetery_F,Residential_early_Tobias_F_e,Sample,Forest_early
RF245.183.Plate2.F12.799FMod3.1115R.Cemetery.M,2,Plate,F12,Cemetery,M,e,5/23/2022,early,2,Forest,4/5/2022,8/5/2022,20,RF245,183,799FMod3.1115R,.,_,Forest_early_Cemetery,Forest_early_Cemetery_M,Residential_early_Tobias_F_e,Sample,Forest_early
RF245.184.Plate2.G12.799FMod3.1115R.Cemetery.M,2,Plate,G12,Cemetery,M,e,5/23/2022,early,2,Forest,4/5/2022,8/5/2022,20,RF245,184,799FMod3.1115R,.,_,Forest_early_Cemetery,Forest_early_Cemetery_M,Residential_early_Tobias_F_e,Sample,Forest_early
RF245.185.Plate3.A1.799FMod3.1115R.ConnHillRd.F,3,Plate,A1,ConnHillRd,F,fl,5/23/2022,early,3,Forest,4/5/2022,8/5/2022,20,RF245,185,799FMod3.1115R,.,_,Forest_early_ConnHillRd,Forest_early_ConnHillRd_F,Residential_early_Tobias_F_e,Sample,Forest_early
RF245.186.Plate3.B1.799FMod3.1115R.ConnHillRd.F,3,Plate,B1,ConnHillRd,F,e,5/23/2022,early,3,Forest,4/5/2022,8/5/2022,20,RF245,186,799FMod3.1115R,.,_,Forest_early_ConnHillRd,Forest_early_ConnHillRd_F,Residential_early_Tobias_F_e,Sample,Forest_early
RF245.187.Plate3.C1.799FMod3.1115R.ConnHillRd.M,3,Plate,C1,ConnHillRd,M,dl,5/31/2022,early,3,Forest,4/5/2022,8/5/2022,20,RF245,187,799FMod3.1115R,.,_,Forest_early_ConnHillRd,Forest_early_ConnHillRd_M,Residential_early_Tobias_F_e,Sample,Forest_early
RF245.188.Plate3.E1.799FMod3.1115R.ConnHillRd.F,3,Plate,E1,ConnHillRd,F,fl,5/31/2022,early,3,Forest,4/5/2022,8/22/2022,20,RF245,188,799FMod3.1115R,.,_,Forest_early_ConnHillRd,Forest_early_ConnHillRd_F,Residential_early_Tobias_F_e,Sample,Forest_early
RF245.189.Plate3.F1.799FMod3.1115R.ConnHillRd.M,3,Plate,F1,ConnHillRd,M,e,5/31/2022,early,3,Forest,4/5/2022,8/22/2022,20,RF245,189,799FMod3.1115R,.,_,Forest_early_ConnHillRd,Forest_early_ConnHillRd_M,Residential_early_Tobias_F_e,Sample,Forest_early
RF245.190.Plate3.G1.799FMod3.1115R.ConnHillRd.M,3,Plate,G1,ConnHillRd,M,e,5/31/2022,early,3,Forest,4/5/2022,8/22/2022,20,RF245,190,799FMod3.1115R,.,_,Forest_early_ConnHillRd,Forest_early_ConnHillRd_M,Residential_early_Tobias_F_e,Sample,Forest_early
RF245.191.Plate3.H1.799FMod3.1115R.ConnHillRd.M,3,Plate,H1,ConnHillRd,M,e,5/31/2022,early,3,Forest,4/5/2022,8/22/2022,20,RF245,191,799FMod3.1115R,.,_,Forest_early_ConnHillRd,Forest_early_ConnHillRd_M,Residential_early_Tobias_F_e,Sample,Forest_early
RF245.192.Plate3.A2.799FMod3.1115R.ConnHillRd.F,3,Plate,A2,ConnHillRd,F,e,5/31/2022,early,3,Forest,4/5/2022,8/22/2022,20,RF245,192,799FMod3.1115R,.,_,Forest_early_ConnHillRd,Forest_early_ConnHillRd_F,Residential_early_Tobias_F_e,Sample,Forest_early
RF245.193.Plate3.B2.799FMod3.1115R.SwanHillRdN.F,3,Plate,B2,SwanHillRdN,F,e,5/23/2022,early,4,Forest,4/5/2022,8/22/2022,20,RF245,193,799FMod3.1115R,.,_,Forest_early_SwanHillRdN,Forest_early_SwanHillRdN_F,Residential_early_Tobias_F_e,Sample,Forest_early
RF245.194.Plate3.C2.799FMod3.1115R.SwanHillRdN.F,3,Plate,C2,SwanHillRdN,F,e,5/23/2022,early,4,Forest,4/5/2022,8/22/2022,20,RF245,194,799FMod3.1115R,.,_,Forest_early_SwanHillRdN,Forest_early_SwanHillRdN_F,Residential_early_Tobias_F_e,Sample,Forest_early
RF245.195.Plate3.D2.799FMod3.1115R.SwanHillRdN.M,3,Plate,D2,SwanHillRdN,M,e,5/23/2022,early,4,Forest,4/5/2022,8/22/2022,20,RF245,195,799FMod3.1115R,.,_,Forest_early_SwanHillRdN,Forest_early_SwanHillRdN_M,Residential_early_Tobias_F_e,Sample,Forest_early
RF245.196.Plate3.E2.799FMod3.1115R.SwanHillRdN.F,3,Plate,E2,SwanHillRdN,F,e,5/23/2022,early,4,Forest,4/5/2022,8/22/2022,20,RF245,196,799FMod3.1115R,.,_,Forest_early_SwanHillRdN,Forest_early_SwanHillRdN_F,Residential_early_Tobias_F_e,Sample,Forest_early
RF245.197.Plate3.F2.799FMod3.1115R.SwanHillRdN.F,3,Plate,F2,SwanHillRdN,F,e,5/23/2022,early,4,Forest,4/5/2022,8/22/2022,20,RF245,197,799FMod3.1115R,.,_,Forest_early_SwanHillRdN,Forest_early_SwanHillRdN_F,Residential_early_Tobias_F_e,Sample,Forest_early
RF245.198.Plate3.G2.799FMod3.1115R.SwanHillRdN.M,3,Plate,G2,SwanHillRdN,M,e,5/23/2022,early,4,Forest,4/5/2022,8/22/2022,20,RF245,198,799FMod3.1115R,.,_,Forest_early_SwanHillRdN,Forest_early_SwanHillRdN_M,Residential_early_Tobias_F_e,Sample,Forest_early
RF245.199.Plate3.H2.799FMod3.1115R.SwanHillRdN.M,3,Plate,H2,SwanHillRdN,M,e,5/23/2022,early,4,Forest,4/5/2022,8/22/2022,20,RF245,199,799FMod3.1115R,.,_,Forest_early_SwanHillRdN,Forest_early_SwanHillRdN_M,Residential_early_Tobias_F_e,Sample,Forest_early
RF245.200.Plate3.A3.799FMod3.1115R.SwanHillRdN.M,3,Plate,A3,SwanHillRdN,M,e,5/23/2022,early,4,Forest,4/5/2022,8/22/2022,20,RF245,200,799FMod3.1115R,.,_,Forest_early_SwanHillRdN,Forest_early_SwanHillRdN_M,Residential_early_Tobias_F_e,Sample,Forest_early
RF245.Control14.Plate1.H3.799FMod3.1115R.Qiagen14,1,Plate,H3,Qiagen14,NA,NA,,Control,,Control,,7/27/2022,14,RF245,,799FMod3.1115R,.,_,NA_NA_Qiagen14,NA_NA_Qiagen14_NA,Residential_early_Tobias_F_e,Control,Control
RF245.Control15.Plate1.A7.799FMod3.1115R.Qiagen15,1,Plate,A7,Qiagen15,NA,NA,,Control,,Control,,7/28/2022,15,RF245,49,799FMod3.1115R,.,_,NA_NA_Qiagen15,NA_NA_Qiagen15_NA,Residential_early_Tobias_F_e,Control,Control
RF245.Control16.Plate2.B1.799FMod3.1115R.Qiagen16,2,Plate,B1,Qiagen16,NA,NA,,Control,,Control,,8/1/2022,16,RF245,98,799FMod3.1115R,.,_,NA_NA_Qiagen16,NA_NA_Qiagen16_NA,Residential_early_Tobias_F_e,Control,Control
RF245.Control17.Plate2.C7.799FMod3.1115R.Qiagen17,2,Plate,C7,Qiagen17,NA,NA,,Control,,Control,,8/3/2022,17,RF245,147,799FMod3.1115R,.,_,NA_NA_Qiagen17,NA_NA_Qiagen17_NA,Residential_early_Tobias_F_e,Control,Control
RF245.Control20.1.Plate3.D1.799FMod3.1115R.Qiagen20.1,3,Plate,D1,Qiagen20.1,NA,NA,,Control,,Control,,8/5/2022,20,RF245,196,799FMod3.1115R,.,_,NA_NA_Qiagen20.1,NA_NA_Qiagen20.1_NA,Residential_early_Tobias_F_e,Control,Control
RF245.Blank1.Plate1.H6.799FMod3.1115R,1,Plate,H6,NA,NA,NA,,Blank,,Blank,,,,RF245,48,799FMod3.1115R,.,_,NA_NA_NA,NA_NA_NA_NA,Residential_early_Tobias_F_e,Control,Blank
RF245.Blank2.Plate1.H12.799FMod3.1115R,1,Plate,H12,NA,NA,NA,,Blank,,Blank,,,,RF245,96,799FMod3.1115R,.,_,NA_NA_NA,NA_NA_NA_NA,Residential_early_Tobias_F_e,Control,Blank
RF245.Blank3.Plate2.H6.799FMod3.1115R,2,Plate,H6,NA,NA,NA,,Blank,,Blank,,,,RF245,144,799FMod3.1115R,.,_,NA_NA_NA,NA_NA_NA_NA,Residential_early_Tobias_F_e,Control,Blank
RF245.Blank4.Plate2.H12.799FMod3.1115R,2,Plate,H12,NA,NA,NA,,Blank,,Blank,,,,RF245,192,799FMod3.1115R,.,_,NA_NA_NA,NA_NA_NA_NA,Residential_early_Tobias_F_e,Control,Blank
RF245.Blank5.Plate3.H6.799FMod3.1115R,3,Plate,H6,NA,NA,NA,,Blank,,Blank,,,,RF245,240,799FMod3.1115R,.,_,NA_NA_NA,NA_NA_NA_NA,Residential_early_Tobias_F_e,Control,Blank
RF245.Blank6.Plate3.C8.799FMod3.1115R,3,Plate,C8,NA,NA,NA,,Blank,,Blank,,,,RF245,251,799FMod3.1115R,.,_,NA_NA_NA,NA_NA_NA_NA,Residential_early_Tobias_F_e,Control,Blank
